{"cameraMode":{"drawMode":0,"name":"Shaded","section":"Shading Mode"},"sceneLighting":false,"audioPlay":false,"sceneViewState":{"showFog":true,"showMaterialUpdate":false,"showSkybox":false,"showFlares":true,"showImageEffects":true,"showParticleSystems":true},"in2DMode":false,"pivot":{"x":45.58964920043945,"y":65.38279724121094,"z":-9.992813110351563},"rotation":{"x":0.1401936560869217,"y":0.4907793700695038,"z":-0.08037697523832321,"w":0.856184184551239},"size":26.140913009643556,"orthographic":false}