{"cameraMode":{"drawMode":0,"name":"Shaded","section":"Shading Mode"},"sceneLighting":false,"audioPlay":false,"sceneViewState":{"showFog":true,"showMaterialUpdate":false,"showSkybox":true,"showFlares":true,"showImageEffects":true,"showParticleSystems":true},"in2DMode":false,"pivot":{"x":0.4624960422515869,"y":0.4074655771255493,"z":0.2695879340171814},"rotation":{"x":0.13600212335586549,"y":0.6831899881362915,"z":-0.13174515962600709,"w":0.7052649259567261},"size":3.457883596420288,"orthographic":false}