{"cameraMode":{"drawMode":0,"name":"Shaded","section":"Shading Mode"},"sceneLighting":false,"audioPlay":false,"sceneViewState":{"showFog":true,"showMaterialUpdate":false,"showSkybox":false,"showFlares":true,"showImageEffects":true,"showParticleSystems":true},"in2DMode":false,"pivot":{"x":31.30980682373047,"y":70.26622772216797,"z":-18.819047927856447},"rotation":{"x":0.1588781327009201,"y":0.5201276540756226,"z":-0.09916791319847107,"w":0.8333143591880798},"size":26.140913009643556,"orthographic":false}