{"cameraMode":{"drawMode":0,"name":"Shaded","section":"Shading Mode"},"sceneLighting":false,"audioPlay":false,"sceneViewState":{"showFog":true,"showMaterialUpdate":false,"showSkybox":false,"showFlares":true,"showImageEffects":true,"showParticleSystems":true},"in2DMode":false,"pivot":{"x":12.820890426635743,"y":33.06650924682617,"z":-5.825762748718262},"rotation":{"x":0.07541029900312424,"y":0.6323442459106445,"z":-0.06204650178551674,"w":0.7685169577598572},"size":120.98773193359375,"orthographic":false}