{"cameraMode":{"drawMode":0,"name":"Shaded","section":"Shading Mode"},"sceneLighting":true,"audioPlay":false,"sceneViewState":{"showFog":true,"showMaterialUpdate":false,"showSkybox":true,"showFlares":true,"showImageEffects":true,"showParticleSystems":true},"in2DMode":false,"pivot":{"x":3.8385605812072756,"y":-1.1476088762283326,"z":-2.555070400238037},"rotation":{"x":-0.0662701427936554,"y":-0.8735902905464172,"z":0.1242746114730835,"w":-0.46584269404411318},"size":7.586129188537598,"orthographic":false}